AdaBoost,NN,deepNN,rbf,sigmoid
0.5620437956204379,0.6788321167883211,0.6684045881126173,0.6976016684045881,0.6819603753910324
