rbf,sigmoid,DeepNN,NN
1.4312901353363243,1.6219189798634386,1.278444621360362,1.01788780206489
